rank,file,t_sec,score,U,A,D,n_boxes,n_ambiguous,empty,selected
1,frame_0016.jpg,6.4,0.7719,0.7438,0.6667,1.0,7,4,False,True
2,frame_0319.jpg,127.6,0.7631,0.8142,1.0,0.28,10,6,False,True
3,frame_0299.jpg,119.6,0.7277,0.7475,0.8333,0.52,8,5,False,True
4,frame_0021.jpg,8.4,0.7237,0.7474,0.5,1.0,7,3,False,True
5,frame_0229.jpg,91.6,0.7143,0.7966,1.0,0.08,9,6,False,True
6,frame_0075.jpg,30.0,0.7056,0.6272,0.6667,0.96,7,4,False,True
7,frame_0176.jpg,70.4,0.702,0.808,0.8333,0.24,9,5,False,True
8,frame_0193.jpg,77.2,0.7016,0.9072,0.6667,0.24,6,4,False,True
9,frame_0005.jpg,2.0,0.7012,0.7024,0.5,1.0,5,3,False,True
10,frame_0316.jpg,126.4,0.6858,0.8077,0.8333,0.16,8,5,False,False
11,frame_0002.jpg,0.8,0.6813,0.7626,0.3333,1.0,9,2,False,False
12,frame_0378.jpg,151.2,0.6783,0.8246,0.8333,0.08,12,5,False,True
13,frame_0307.jpg,122.8,0.6777,0.6753,1.0,0.2,11,6,False,True
14,frame_0205.jpg,82.0,0.6731,0.8583,0.3333,0.72,2,2,False,True
15,frame_0007.jpg,2.8,0.6726,0.6452,0.5,1.0,5,3,False,False
16,frame_0133.jpg,53.2,0.6636,0.6272,0.5,1.0,9,3,False,False
17,frame_0086.jpg,34.4,0.6587,0.7094,0.6667,0.52,5,4,False,False
18,frame_0067.jpg,26.8,0.6517,0.9034,0.0,1.0,9,0,False,False
19,frame_0074.jpg,29.6,0.6478,0.5955,0.5,1.0,8,3,False,False
20,frame_0077.jpg,30.8,0.6461,0.5401,0.6667,0.88,8,4,False,False
21,frame_0291.jpg,116.4,0.6432,0.7504,0.3333,0.84,7,2,False,False
22,frame_0290.jpg,116.0,0.64,0.6599,0.5,0.8,7,3,False,False
23,frame_0278.jpg,111.2,0.6282,0.7284,0.6667,0.32,8,4,False,False
24,frame_0129.jpg,51.6,0.6265,0.7011,0.3333,0.88,6,2,False,False
25,frame_0109.jpg,43.6,0.617,0.802,0.6667,0.08,9,4,False,False
26,frame_0031.jpg,12.4,0.6153,0.6306,0.3333,1.0,8,2,False,False
27,frame_0030.jpg,12.0,0.6147,0.5294,0.5,1.0,7,3,False,False
28,frame_0296.jpg,118.4,0.6134,0.6708,0.5,0.64,7,3,False,False
29,frame_0223.jpg,89.2,0.6055,0.647,0.8333,0.16,8,5,False,False
30,frame_0379.jpg,151.6,0.6033,0.7906,0.6667,0.04,13,4,False,False
31,frame_0277.jpg,110.8,0.5999,0.6878,0.6667,0.28,9,4,False,False
32,frame_0388.jpg,155.2,0.5994,0.6348,0.8333,0.16,11,5,False,False
33,frame_0200.jpg,80.0,0.5988,0.8895,0.1667,0.52,2,1,False,False
34,frame_0127.jpg,50.8,0.5925,0.6651,0.3333,0.8,9,2,False,False
35,frame_0387.jpg,154.8,0.5905,0.801,0.5,0.2,13,3,False,False
36,frame_0203.jpg,81.2,0.5883,0.6205,0.5,0.64,3,3,False,False
37,frame_0374.jpg,149.6,0.5876,0.6952,0.6667,0.2,10,4,False,False
38,frame_0328.jpg,131.2,0.5866,0.7412,0.6667,0.08,13,4,False,False
39,frame_0032.jpg,12.8,0.5837,0.4675,0.5,1.0,8,3,False,False
40,frame_0186.jpg,74.4,0.5812,0.7464,0.6667,0.04,11,4,False,False
41,frame_0001.jpg,0.4,0.5792,0.4584,0.5,1.0,8,3,False,False
42,frame_0080.jpg,32.0,0.5786,0.5531,0.5,0.76,9,3,False,False
43,frame_0132.jpg,52.8,0.5785,0.457,0.5,1.0,8,3,False,False
44,frame_0396.jpg,158.4,0.5785,0.693,0.6667,0.16,10,4,False,False
45,frame_0103.jpg,41.2,0.5782,0.6924,0.6667,0.16,7,4,False,False
46,frame_0373.jpg,149.2,0.5779,0.5919,0.8333,0.16,10,5,False,False
47,frame_0391.jpg,156.4,0.5769,0.6378,0.8333,0.04,13,5,False,False
48,frame_0287.jpg,114.8,0.5753,0.4786,0.6667,0.68,7,4,False,False
49,frame_0288.jpg,115.2,0.5719,0.5559,0.5,0.72,9,3,False,False
50,frame_0321.jpg,128.4,0.5712,0.6623,0.6667,0.2,9,4,False,False
51,frame_0076.jpg,30.4,0.5684,0.5688,0.3333,0.92,8,2,False,False
52,frame_0069.jpg,27.6,0.5682,0.5364,0.3333,1.0,7,2,False,False
53,frame_0367.jpg,146.8,0.5664,0.8008,0.5,0.08,9,3,False,False
54,frame_0188.jpg,75.2,0.5634,0.7108,0.6667,0.04,11,4,False,False
55,frame_0167.jpg,66.8,0.56,0.6801,0.3333,0.6,6,2,False,False
56,frame_0081.jpg,32.4,0.5599,0.6319,0.3333,0.72,7,2,False,False
57,frame_0308.jpg,123.2,0.557,0.75,0.5,0.16,9,3,False,False
58,frame_0028.jpg,11.2,0.555,0.61,0.1667,1.0,4,1,False,False
59,frame_0000.jpg,0.0,0.5545,0.5091,0.3333,1.0,11,2,False,False
60,frame_0201.jpg,80.4,0.5538,0.5836,0.5,0.56,4,3,False,False
61,frame_0368.jpg,147.2,0.5531,0.6902,0.6667,0.04,9,4,False,False
62,frame_0072.jpg,28.8,0.5527,0.5054,0.3333,1.0,7,2,False,False
63,frame_0178.jpg,71.2,0.5485,0.633,0.6667,0.16,6,4,False,False
64,frame_0329.jpg,131.6,0.5478,0.5636,0.8333,0.08,12,5,False,False
65,frame_0011.jpg,4.4,0.5465,0.593,0.1667,1.0,4,1,False,False
66,frame_0014.jpg,5.6,0.546,0.592,0.1667,1.0,6,1,False,False
67,frame_0286.jpg,114.4,0.5451,0.5341,0.5,0.64,8,3,False,False
68,frame_0377.jpg,150.8,0.5415,0.535,0.8333,0.12,12,5,False,False
69,frame_0115.jpg,46.0,0.5405,0.553,0.6667,0.32,8,4,False,False
70,frame_0022.jpg,8.8,0.5391,0.4783,0.3333,1.0,6,2,False,False
71,frame_0098.jpg,39.2,0.5389,0.6617,0.6667,0.04,7,4,False,False
72,frame_0301.jpg,120.4,0.537,0.6981,0.3333,0.44,7,2,False,False
73,frame_0294.jpg,117.6,0.5342,0.5805,0.3333,0.72,6,2,False,False
74,frame_0333.jpg,133.2,0.5339,0.6358,0.6667,0.08,9,4,False,False
75,frame_0304.jpg,121.6,0.5312,0.6343,0.5,0.32,8,3,False,False
76,frame_0128.jpg,51.2,0.5248,0.5136,0.3333,0.84,8,2,False,False
77,frame_0233.jpg,93.2,0.5247,0.5533,0.6667,0.24,7,4,False,False
78,frame_0170.jpg,68.0,0.5246,0.6572,0.3333,0.48,8,2,False,False
79,frame_0013.jpg,5.2,0.5245,0.5489,0.1667,1.0,4,1,False,False
80,frame_0207.jpg,82.8,0.523,0.5261,0.3333,0.8,4,2,False,False
81,frame_0033.jpg,13.2,0.5221,0.5442,0.1667,1.0,11,1,False,False
82,frame_0004.jpg,1.6,0.5205,0.441,0.3333,1.0,9,2,False,False
83,frame_0375.jpg,150.0,0.5197,0.6594,0.5,0.2,8,3,False,False
84,frame_0384.jpg,153.6,0.5187,0.6734,0.5,0.16,10,3,False,False
85,frame_0090.jpg,36.0,0.5178,0.4915,0.6667,0.36,8,4,False,False
86,frame_0302.jpg,120.8,0.5146,0.6692,0.3333,0.4,9,2,False,False
87,frame_0174.jpg,69.6,0.5099,0.5919,0.5,0.32,7,3,False,False
88,frame_0370.jpg,148.0,0.5018,0.6875,0.5,0.04,9,3,False,False
89,frame_0192.jpg,76.8,0.5012,0.5223,0.6667,0.2,6,4,False,False
90,frame_0180.jpg,72.0,0.501,0.67,0.5,0.08,8,3,False,False
91,frame_0318.jpg,127.2,0.5006,0.6052,0.5,0.24,11,3,False,False
92,frame_0231.jpg,92.4,0.4961,0.7283,0.3333,0.16,9,2,False,False
93,frame_0029.jpg,11.6,0.4949,0.4898,0.1667,1.0,5,1,False,False
94,frame_0073.jpg,29.2,0.4937,0.4874,0.1667,1.0,6,1,False,False
95,frame_0214.jpg,85.6,0.4929,0.5779,0.3333,0.52,4,2,False,False
96,frame_0018.jpg,7.2,0.492,0.384,0.3333,1.0,7,2,False,False
97,frame_0071.jpg,28.4,0.4916,0.4832,0.1667,1.0,7,1,False,False
98,frame_0091.jpg,36.4,0.49,0.552,0.5,0.32,4,3,False,False
99,frame_0006.jpg,2.4,0.489,0.478,0.1667,1.0,4,1,False,False
100,frame_0068.jpg,27.2,0.4876,0.4752,0.1667,1.0,5,1,False,False
101,frame_0222.jpg,88.8,0.4876,0.5951,0.5,0.2,8,3,False,False
102,frame_0398.jpg,159.2,0.4872,0.5784,0.5,0.24,9,3,False,False
103,frame_0124.jpg,49.6,0.4842,0.3964,0.5,0.68,10,3,False,False
104,frame_0279.jpg,111.6,0.4839,0.5237,0.5,0.36,6,3,False,False
105,frame_0114.jpg,45.6,0.4825,0.6531,0.3333,0.28,7,2,False,False
106,frame_0008.jpg,3.2,0.482,0.4639,0.1667,1.0,4,1,False,False
107,frame_0094.jpg,37.6,0.4814,0.5828,0.5,0.2,5,3,False,False
108,frame_0212.jpg,84.8,0.48,0.4201,0.5,0.6,5,3,False,False
109,frame_0078.jpg,31.2,0.4775,0.419,0.3333,0.84,8,2,False,False
110,frame_0113.jpg,45.2,0.4753,0.5547,0.5,0.24,8,3,False,False
111,frame_0120.jpg,48.0,0.4749,0.4418,0.5,0.52,5,3,False,False
112,frame_0009.jpg,3.6,0.4738,0.5477,0.0,1.0,3,0,False,False
113,frame_0089.jpg,35.6,0.4701,0.6802,0.1667,0.4,6,1,False,False
114,frame_0268.jpg,107.2,0.4696,0.7073,0.3333,0.08,6,2,False,False
115,frame_0172.jpg,68.8,0.4694,0.6788,0.1667,0.4,8,1,False,False
116,frame_0102.jpg,40.8,0.4691,0.5902,0.5,0.12,8,3,False,False
117,frame_0084.jpg,33.6,0.4689,0.5977,0.1667,0.6,4,1,False,False
118,frame_0395.jpg,158.0,0.4669,0.5858,0.5,0.12,8,3,False,False
119,frame_0306.jpg,122.4,0.4656,0.6352,0.3333,0.24,8,2,False,False
120,frame_0386.jpg,154.4,0.4642,0.5325,0.5,0.24,14,3,False,False
121,frame_0026.jpg,10.4,0.4628,0.4256,0.1667,1.0,6,1,False,False
122,frame_0012.jpg,4.8,0.4611,0.4221,0.1667,1.0,5,1,False,False
123,frame_0327.jpg,130.8,0.4588,0.8016,0.1667,0.04,10,1,False,False
124,frame_0295.jpg,118.0,0.4579,0.5437,0.1667,0.68,7,1,False,False
125,frame_0017.jpg,6.8,0.4548,0.4095,0.1667,1.0,7,1,False,False
126,frame_0315.jpg,126.0,0.4536,0.5592,0.5,0.12,8,3,False,False
127,frame_0289.jpg,115.6,0.4516,0.3992,0.3333,0.76,6,2,False,False
128,frame_0206.jpg,82.4,0.4513,0.3986,0.3333,0.76,5,2,False,False
129,frame_0324.jpg,129.6,0.4487,0.5654,0.5,0.08,8,3,False,False
130,frame_0283.jpg,113.2,0.4464,0.3848,0.5,0.52,7,3,False,False
131,frame_0284.jpg,113.6,0.445,0.566,0.1667,0.56,6,1,False,False
132,frame_0108.jpg,43.2,0.4449,0.5738,0.5,0.04,12,3,False,False
133,frame_0383.jpg,153.2,0.4426,0.5373,0.5,0.12,9,3,False,False
134,frame_0083.jpg,33.2,0.4417,0.3275,0.5,0.64,5,3,False,False
135,frame_0126.jpg,50.4,0.4414,0.4788,0.1667,0.76,8,1,False,False
136,frame_0015.jpg,6.0,0.4409,0.3817,0.1667,1.0,5,1,False,False
137,frame_0095.jpg,38.0,0.44,0.716,0.1667,0.16,6,1,False,False
138,frame_0330.jpg,132.0,0.4387,0.7613,0.1667,0.04,11,1,False,False
139,frame_0196.jpg,78.4,0.4381,0.7323,0.0,0.36,2,0,False,False
140,frame_0116.jpg,46.4,0.4377,0.4313,0.5,0.36,8,3,False,False
141,frame_0173.jpg,69.2,0.4369,0.5298,0.3333,0.36,8,2,False,False
142,frame_0382.jpg,152.8,0.4363,0.6406,0.3333,0.08,9,2,False,False
143,frame_0079.jpg,31.6,0.4357,0.4513,0.1667,0.8,8,1,False,False
144,frame_0298.jpg,119.2,0.4334,0.5428,0.1667,0.56,6,1,False,False
145,frame_0010.jpg,4.0,0.4317,0.3633,0.1667,1.0,3,1,False,False
146,frame_0177.jpg,70.8,0.4315,0.783,0.0,0.2,7,0,False,False
147,frame_0280.jpg,112.0,0.4284,0.3967,0.5,0.4,6,3,False,False
148,frame_0003.jpg,1.2,0.4253,0.3506,0.1667,1.0,7,1,False,False
149,frame_0303.jpg,121.2,0.4248,0.5056,0.3333,0.36,8,2,False,False
150,frame_0320.jpg,128.0,0.4246,0.5532,0.3333,0.24,13,2,False,False
151,frame_0210.jpg,84.0,0.4243,0.4765,0.1667,0.68,3,1,False,False
152,frame_0202.jpg,80.8,0.423,0.5059,0.1667,0.6,5,1,False,False
153,frame_0208.jpg,83.2,0.4226,0.3413,0.3333,0.76,5,2,False,False
154,frame_0181.jpg,72.4,0.4224,0.6289,0.3333,0.04,6,2,False,False
155,frame_0185.jpg,74.0,0.4223,0.5125,0.5,0.08,10,3,False,False
156,frame_0019.jpg,7.6,0.4168,0.3336,0.1667,1.0,3,1,False,False
157,frame_0232.jpg,92.8,0.416,0.552,0.3333,0.2,8,2,False,False
158,frame_0100.jpg,40.0,0.4149,0.6138,0.3333,0.04,4,2,False,False
159,frame_0027.jpg,10.8,0.4144,0.3287,0.1667,1.0,5,1,False,False
160,frame_0209.jpg,83.6,0.4144,0.4407,0.1667,0.72,3,1,False,False
161,frame_0168.jpg,67.2,0.412,0.4,0.3333,0.56,6,2,False,False
162,frame_0385.jpg,154.0,0.4112,0.6423,0.1667,0.2,11,1,False,False
163,frame_0332.jpg,132.8,0.4092,0.6025,0.3333,0.04,8,2,False,False
164,frame_0194.jpg,77.6,0.4084,0.4048,0.5,0.28,7,3,False,False
165,frame_0225.jpg,90.0,0.408,0.484,0.5,0.08,7,3,False,False
166,frame_0171.jpg,68.4,0.4078,0.4397,0.3333,0.44,9,2,False,False
167,frame_0310.jpg,124.0,0.4013,0.4706,0.5,0.08,8,3,False,False
168,frame_0397.jpg,158.8,0.401,0.622,0.1667,0.2,8,1,False,False
169,frame_0105.jpg,42.0,0.4004,0.7687,0.0,0.08,7,0,False,False
170,frame_0131.jpg,52.4,0.3996,0.3152,0.1667,0.96,7,1,False,False
171,frame_0293.jpg,117.2,0.3985,0.3929,0.1667,0.76,7,1,False,False
172,frame_0305.jpg,122.0,0.398,0.584,0.1667,0.28,8,1,False,False
173,frame_0023.jpg,9.2,0.3976,0.2952,0.1667,1.0,6,1,False,False
174,frame_0230.jpg,92.0,0.3976,0.5472,0.3333,0.12,13,2,False,False
175,frame_0130.jpg,52.0,0.3973,0.3265,0.1667,0.92,5,1,False,False
176,frame_0106.jpg,42.4,0.3958,0.5756,0.3333,0.04,9,2,False,False
177,frame_0024.jpg,9.6,0.3941,0.2881,0.1667,1.0,4,1,False,False
178,frame_0300.jpg,120.0,0.3938,0.4955,0.1667,0.48,8,1,False,False
179,frame_0323.jpg,129.2,0.3933,0.4386,0.5,0.12,7,3,False,False
180,frame_0381.jpg,152.4,0.3928,0.5697,0.3333,0.04,8,2,False,False
181,frame_0309.jpg,123.6,0.3915,0.5351,0.3333,0.12,10,2,False,False
182,frame_0020.jpg,8.0,0.39,0.38,0.0,1.0,5,0,False,False
183,frame_0119.jpg,47.6,0.3888,0.3857,0.3333,0.48,5,2,False,False
184,frame_0317.jpg,126.8,0.3859,0.4918,0.3333,0.2,9,2,False,False
185,frame_0394.jpg,157.6,0.3855,0.5391,0.3333,0.08,8,2,False,False
186,frame_0325.jpg,130.0,0.3853,0.4547,0.5,0.04,8,3,False,False
187,frame_0311.jpg,124.4,0.3843,0.5526,0.3333,0.04,7,2,False,False
188,frame_0169.jpg,67.6,0.3839,0.5598,0.0,0.52,7,0,False,False
189,frame_0070.jpg,28.0,0.3838,0.3675,0.0,1.0,8,0,False,False
190,frame_0276.jpg,110.4,0.3827,0.4695,0.3333,0.24,11,2,False,False
191,frame_0184.jpg,73.6,0.3826,0.5333,0.3333,0.08,8,2,False,False
192,frame_0085.jpg,34.0,0.382,0.44,0.1667,0.56,8,1,False,False
193,frame_0273.jpg,109.2,0.382,0.4159,0.5,0.12,8,3,False,False
194,frame_0125.jpg,50.0,0.381,0.4739,0.0,0.72,8,0,False,False
195,frame_0097.jpg,38.8,0.3776,0.5232,0.3333,0.08,8,2,False,False
196,frame_0292.jpg,116.8,0.3774,0.3347,0.1667,0.8,7,1,False,False
197,frame_0121.jpg,48.4,0.3755,0.327,0.3333,0.56,6,2,False,False
198,frame_0281.jpg,112.4,0.3702,0.3645,0.3333,0.44,6,2,False,False
199,frame_0221.jpg,88.4,0.3681,0.4402,0.3333,0.24,6,2,False,False
200,frame_0226.jpg,90.4,0.3676,0.5193,0.3333,0.04,5,2,False,False
201,frame_0117.jpg,46.8,0.3675,0.375,0.3333,0.4,6,2,False,False
202,frame_0213.jpg,85.2,0.3658,0.4075,0.1667,0.56,5,1,False,False
203,frame_0110.jpg,44.0,0.3645,0.381,0.5,0.12,5,3,False,False
204,frame_0297.jpg,118.8,0.3645,0.3889,0.1667,0.6,6,1,False,False
205,frame_0211.jpg,84.4,0.3644,0.3727,0.1667,0.64,4,1,False,False
206,frame_0372.jpg,148.8,0.3628,0.4777,0.3333,0.12,8,2,False,False
207,frame_0118.jpg,47.2,0.3587,0.4414,0.1667,0.44,6,1,False,False
208,frame_0389.jpg,155.6,0.3585,0.469,0.3333,0.12,10,2,False,False
209,frame_0271.jpg,108.4,0.3536,0.3911,0.5,0.04,6,3,False,False
210,frame_0399.jpg,159.6,0.3495,0.4869,0.1667,0.28,10,1,False,False
211,frame_0228.jpg,91.2,0.3437,0.5714,0.1667,0.04,8,1,False,False
212,frame_0274.jpg,109.6,0.3436,0.5231,0.1667,0.16,9,1,False,False
213,frame_0282.jpg,112.8,0.3358,0.3795,0.1667,0.48,7,1,False,False
214,frame_0390.jpg,156.0,0.3353,0.4386,0.3333,0.08,10,2,False,False
215,frame_0215.jpg,86.0,0.3345,0.4769,0.0,0.48,4,0,False,False
216,frame_0314.jpg,125.6,0.3345,0.3369,0.5,0.08,7,3,False,False
217,frame_0179.jpg,71.6,0.3317,0.5154,0.1667,0.12,7,1,False,False
218,frame_0175.jpg,70.0,0.3302,0.4484,0.1667,0.28,7,1,False,False
219,frame_0269.jpg,107.6,0.3281,0.4402,0.3333,0.04,6,2,False,False
220,frame_0104.jpg,41.6,0.3245,0.401,0.3333,0.12,6,2,False,False
221,frame_0199.jpg,79.6,0.3241,0.4562,0.0,0.48,2,0,False,False
222,frame_0219.jpg,87.6,0.322,0.3161,0.3333,0.32,5,2,False,False
223,frame_0092.jpg,36.8,0.3201,0.3283,0.3333,0.28,7,2,False,False
224,frame_0195.jpg,78.0,0.3198,0.4115,0.1667,0.32,4,1,False,False
225,frame_0322.jpg,128.8,0.3198,0.5756,0.0,0.16,7,0,False,False
226,frame_0267.jpg,106.8,0.3196,0.4911,0.1667,0.12,7,1,False,False
227,frame_0082.jpg,32.8,0.3159,0.2597,0.1667,0.68,5,1,False,False
228,frame_0272.jpg,108.8,0.3121,0.3922,0.3333,0.08,8,2,False,False
229,frame_0275.jpg,110.0,0.3103,0.4406,0.1667,0.2,9,1,False,False
230,frame_0218.jpg,87.2,0.3094,0.3748,0.1667,0.36,4,1,False,False
231,frame_0285.jpg,114.0,0.3077,0.3754,0.0,0.6,6,0,False,False
232,frame_0190.jpg,76.0,0.3068,0.3657,0.3333,0.12,5,2,False,False
233,frame_0025.jpg,10.0,0.3055,0.211,0.0,1.0,6,0,False,False
234,frame_0197.jpg,78.8,0.2976,0.3351,0.1667,0.4,3,1,False,False
235,frame_0093.jpg,37.2,0.296,0.3959,0.1667,0.24,7,1,False,False
236,frame_0371.jpg,148.4,0.2935,0.455,0.1667,0.08,9,1,False,False
237,frame_0087.jpg,34.8,0.2841,0.2762,0.1667,0.48,6,1,False,False
238,frame_0204.jpg,81.6,0.2823,0.2927,0.0,0.68,2,0,False,False
239,frame_0101.jpg,40.4,0.2797,0.4274,0.1667,0.08,8,1,False,False
240,frame_0122.jpg,48.8,0.2778,0.3157,0.0,0.6,7,0,False,False
241,frame_0183.jpg,73.2,0.2764,0.4368,0.1667,0.04,6,1,False,False
242,frame_0224.jpg,89.6,0.2724,0.3968,0.1667,0.12,6,1,False,False
243,frame_0393.jpg,157.2,0.261,0.406,0.1667,0.04,8,1,False,False
244,frame_0189.jpg,75.6,0.2544,0.3768,0.1667,0.08,7,1,False,False
245,frame_0111.jpg,44.4,0.2515,0.4391,0.0,0.16,4,0,False,False
246,frame_0376.jpg,150.4,0.2497,0.4353,0.0,0.16,10,0,False,False
247,frame_0217.jpg,86.8,0.2482,0.2363,0.1667,0.4,5,1,False,False
248,frame_0216.jpg,86.4,0.2477,0.2194,0.1667,0.44,5,1,False,False
249,frame_0198.jpg,79.2,0.2465,0.3169,0.0,0.44,4,0,False,False
250,frame_0123.jpg,49.2,0.245,0.234,0.0,0.64,7,0,False,False
251,frame_0096.jpg,38.4,0.2447,0.3413,0.1667,0.12,7,1,False,False
252,frame_0191.jpg,76.4,0.2396,0.4151,0.0,0.16,9,0,False,False
253,frame_0088.jpg,35.2,0.2314,0.2867,0.0,0.44,6,0,False,False
254,frame_0313.jpg,125.2,0.2009,0.3857,0.0,0.04,3,0,False,False
255,frame_0220.jpg,88.0,0.1846,0.2573,0.0,0.28,6,0,False,False
256,frame_0112.jpg,44.8,0.1692,0.2584,0.0,0.2,5,0,False,False
